date,issue,slug,title,beat,place,tags,sources,url,status
2026-07-04,bitcoin-beacon-newspaper-2026-07-04.html,2026-07-04-nairobi-tando-40m,"The App That Made 40 Million Kenyans Bitcoin-Ready Overnight",on-the-ground,"Nairobi, Kenya","lightning; payments; m-pesa; tando; machankura; afribit; africa","forbes.com; cryptonomist.ch; techcabal.com; tando.me",stories/2026-07-04/nairobi-tando-40m.html,published
2026-07-04,bitcoin-beacon-newspaper-2026-07-04.html,2026-07-04-sao-paulo-sugarcane-mining,"Brazil's Sugar Fields Are Now Mining Bitcoin",network-mining,"São Paulo, Brazil","mining; energy; bagasse; adecoagro; tether; brazil","coindesk.com; ainvest.com",stories/2026-07-04/sao-paulo-sugarcane-mining.html,published
2026-07-06,bitcoin-beacon-newspaper-2026-07-06.html,2026-07-06-philippines-bitcoin-island,"Bitcoin Island Goes National",on-the-ground,"Boracay, Philippines","lightning; remittances; pouch; strike; boracay; philippines; southeast-asia","bitpinas.com; strike.me; bitcoinmagazine.com; coingeek.com",stories/2026-07-06/philippines-bitcoin-island.html,published
2026-07-06,bitcoin-beacon-newspaper-2026-07-06.html,2026-07-06-malawi-mining-lightbulb,"A Bitcoin Miner Keeps the Lights On in Malawi",opinion,"Bondo, Malawi","mining; energy; hydro; gridless; block; malawi; africa; electrification","gridlesscompute.com; bitcoinmagazine.com; coingeek.com",stories/2026-07-06/malawi-mining-lightbulb.html,published
2026-07-06,bitcoin-beacon-newspaper-2026-07-06.html,2026-07-06-india-grassroots-reserve,"India Keeps Buying Bitcoin the Hard Way",on-the-ground,"Mumbai, India","adoption; p2p; tax; tds; reserve; india; south-asia","coinreporter.io; coindcx.com; elearnmarkets.com",stories/2026-07-06/india-grassroots-reserve.html,published
2026-07-06,bitcoin-beacon-newspaper-2026-07-06.html,2026-07-06-us-arma-bitcoin-reserve,"Washington Puts the Bitcoin Reserve in Writing",money-macro,"Washington, USA","reserve; policy; arma; treasury; proof-of-reserve; united-states","begich.house.gov; bitcoinmagazine.com; congress.gov",stories/2026-07-06/us-arma-bitcoin-reserve.html,published
2026-07-06,bitcoin-beacon-newspaper-2026-07-06.html,2026-07-06-bhutan-bitcoin-drawdown,"Bhutan Is Spending Its Bitcoin",policy-nation-states,"Thimphu, Bhutan","sovereign; mining; treasury; bhutan; dhi; gelephu; drawdown","news.bitcoin.com; coindesk.com",stories/2026-07-06/bhutan-bitcoin-drawdown.html,published
2026-07-06,bitcoin-beacon-newspaper-2026-07-06.html,2026-07-06-treasuries-vs-etf-flows,"Companies Keep Buying What the ETFs Are Selling",markets,"New York, USA","treasuries; etf; strategy; institutions; flows","bitcoinmagazine.com; valueaddvc.com; dlnews.com",stories/2026-07-06/treasuries-vs-etf-flows.html,published
2026-07-06,bitcoin-beacon-newspaper-2026-07-06.html,2026-07-06-argentina-banks-bitcoin,"Argentina's Banks Are About to Offer Bitcoin",on-the-ground,"Buenos Aires, Argentina","inflation; banks; bcra; adoption; milei; argentina; latam","coindesk.com; bitcoinmagazine.com; news.bitcoin.com",stories/2026-07-06/argentina-banks-bitcoin.html,published
2026-07-07,bitcoin-beacon-newspaper-2026-07-07.html,2026-07-07-south-africa-650k-checkouts,"South Africa Put Bitcoin at 650,000 Checkouts",on-the-ground,"Cape Town, South Africa","lightning; payments; qr; moneybadger; scan-to-pay; pick-n-pay; bitcoin-ekasi; south-africa; africa","moneybadger.co.za; prnewswire.com; funtimesmagazine.com",stories/2026-07-07/south-africa-650k-checkouts.html,published
2026-07-07,bitcoin-beacon-newspaper-2026-07-07.html,2026-07-07-strategy-sells-bitcoin,"Strategy Sells Bitcoin to Pay Its Dividends",markets,"Tysons Corner, USA","treasuries; strategy; mstr; saylor; preferred-dividends; sales; institutions","sec.gov; coindesk.com; tradingview.com; news.bitcoin.com",stories/2026-07-07/strategy-sells-bitcoin.html,published
2026-07-07,bitcoin-beacon-newspaper-2026-07-07.html,2026-07-07-bip110-august-deadline,"An August Deadline Splits Bitcoin's Developers",network-mining,"Global","bip-110; soft-fork; ordinals; inscriptions; knots; governance; chain-split","cryptobriefing.com; news.bitcoin.com; crypto-economy.com; bgeometrics.com",stories/2026-07-07/bip110-august-deadline.html,published
2026-07-07,bitcoin-beacon-newspaper-2026-07-07.html,2026-07-07-abu-dhabi-buys-dip,"Abu Dhabi Keeps Buying the Bitcoin Dip",policy-nation-states,"Abu Dhabi, UAE","sovereign-wealth; mubadala; ibit; etf; uae; middle-east; 13f","bitcoinmagazine.com; theblock.co; incrypted.com",stories/2026-07-07/abu-dhabi-buys-dip.html,published
2026-07-07,bitcoin-beacon-newspaper-2026-07-07.html,2026-07-07-rolex-dealers-bitcoin,"Rolex Dealers Now Take Bitcoin",on-the-ground,"Global","merchants; luxury; rolex; watches; payments; crypto-wealth","usa.watchpro.com",stories/2026-07-07/rolex-dealers-bitcoin.html,published
2026-07-07,bitcoin-beacon-newspaper-2026-07-07.html,2026-07-07-eu-bitcoin-notary,"Europe Just Hired Bitcoin as a Notary",opinion,"Brussels, EU","op_return; timestamping; eu-ai-act; article-50; notary; compliance","futurium.ec.europa.eu; artificialintelligenceact.eu; gibsondunn.com",stories/2026-07-07/eu-bitcoin-notary.html,published
2026-07-08,bitcoin-beacon-newspaper-2026-07-08.html,2026-07-08-lagos-bitcoin-loans,"Nigeria's New Loan Collateral Is Bitcoin",on-the-ground,"Lagos, Nigeria","lending; collateral; busha; naira; tax; morpho; nigeria; africa","techcabal.com; busha.io; forbes.com; chainalysis.com",stories/2026-07-08/lagos-bitcoin-loans.html,published
2026-07-08,bitcoin-beacon-newspaper-2026-07-08.html,2026-07-08-timing-the-bottom,"Wall Street Starts Timing the Bitcoin Bottom",markets,"New York, USA","cantor-fitzgerald; kalshi; k33; bear-market; bottom; prediction-markets; etf; iran","benzinga.com; cointribune.com; news.bitcoin.com; crypto.news",stories/2026-07-08/timing-the-bottom.html,published
2026-07-08,bitcoin-beacon-newspaper-2026-07-08.html,2026-07-08-polymarket-lightning-deposits,"Polymarket Now Takes Bitcoin Over Lightning",markets,"New York, USA","polymarket; lightning; spark; zero-conf; payments; prediction-markets","crypto.news; spark.money; x.com",stories/2026-07-08/polymarket-lightning-deposits.html,published
2026-07-08,bitcoin-beacon-newspaper-2026-07-08.html,2026-07-08-ai-agents-bitcoin-wallet,"Lightning Labs Gives AI Agents a Bitcoin Wallet",network-mining,"San Francisco, USA","lightning-labs; ai-agents; l402; langchain; aperture; machine-payments","theblock.co; bitcoinmagazine.com; cointelegraph.com; crypto.news",stories/2026-07-08/ai-agents-bitcoin-wallet.html,published
2026-07-08,bitcoin-beacon-newspaper-2026-07-08.html,2026-07-08-miners-trade-like-chip-stocks,"Bitcoin Miners Now Trade Like Chip Stocks",network-mining,"United States","miners; riot; mara; ai-pivot; sox; miner-sales; equities","cryptobriefing.com; wublockchain.medium.com",stories/2026-07-08/miners-trade-like-chip-stocks.html,published
2026-07-08,bitcoin-beacon-newspaper-2026-07-08.html,2026-07-08-ghana-license-came-last,"Ghana Legalized What Its Villages Already Built",opinion,"Agbozume, Ghana","ghana; vasp-act; bitcoin-dua; block; bitspenda; regulation; circular-economy; africa","mugglehead.com; bog.gov.gh; bitcoinke.io; citinewsroom.com",stories/2026-07-08/ghana-license-came-last.html,published
2026-07-09,bitcoin-beacon-newspaper-2026-07-09.html,2026-07-09-paraguay-fewer-miners-more-money,"Paraguay Earns More From Half as Many Bitcoin Miners",network-mining,"Asunción, Paraguay","mining; hydro; itaipu; ande; consolidation; ai-pivot; bitplanet; paraguay; latam","riotimesonline.com; bitcoinmagazine.com; hashrateindex.com",stories/2026-07-09/paraguay-fewer-miners-more-money.html,published
2026-07-09,bitcoin-beacon-newspaper-2026-07-09.html,2026-07-09-oman-state-mining-pool,"Oman Routes Every Licensed Miner Through One State Pool",policy-nation-states,"Muscat, Oman","mining; sovereign-pool; omanhash; enegix; kazakhstan; salalah; oman; middle-east","bitcoinmagazine.com; cryptopolitan.com; cryptobriefing.com",stories/2026-07-09/oman-state-mining-pool.html,published
2026-07-09,bitcoin-beacon-newspaper-2026-07-09.html,2026-07-09-spacex-nasdaq-100-bitcoin,"SpaceX Carries 18,712 Bitcoin Into the Nasdaq-100",markets,"Hawthorne, USA","treasuries; spacex; nasdaq-100; index-funds; passive-flows; jpmorgan; institutions","bitcoinmagazine.com; bitcoinnewsdigest.substack.com",stories/2026-07-09/spacex-nasdaq-100-bitcoin.html,published
2026-07-09,bitcoin-beacon-newspaper-2026-07-09.html,2026-07-09-new-hampshire-rejects-bitcoin-bond,"New Hampshire Rejects the First Bitcoin Municipal Bond",money-macro,"Concord, USA","municipal-bond; bfa; cleanspark; executive-council; public-credit; new-hampshire; united-states","unionleader.com; bitcoinmagazine.com; bostonglobe.com; cryptobriefing.com",stories/2026-07-09/new-hampshire-rejects-bitcoin-bond.html,published
2026-07-09,bitcoin-beacon-newspaper-2026-07-09.html,2026-07-09-bitcoin-atm-network-goes-dark,"America's Largest Bitcoin ATM Network Goes Dark",on-the-ground,"Austin, USA","bitcoin-atm; kiosks; bitcoin-depot; fraud; liquidation; texas; on-ramp","newsfromthestates.com; bitcoinnewsdigest.substack.com; bankingjournal.aba.com; dbcf.ms.gov",stories/2026-07-09/bitcoin-atm-network-goes-dark.html,published
2026-07-09,bitcoin-beacon-newspaper-2026-07-09.html,2026-07-09-bull-bitcoin-sues-france,"A Bitcoin Exchange Takes France's Surveillance Rules to Court",policy-nation-states,"Paris, France","dac8; privacy; surveillance; bull-bitcoin; conseil-detat; kidnappings; france; europe","bitcoinmagazine.com; tftc.io; cointribune.com; x.com",stories/2026-07-09/bull-bitcoin-sues-france.html,published
2026-07-09,bitcoin-beacon-newspaper-2026-07-09.html,2026-07-09-morocco-licensed-what-it-couldnt-ban,"Morocco Licensed What It Couldn't Ban",opinion,"Rabat, Morocco","regulation; bill-42-25; ammc; bank-al-maghrib; ban; licensing; morocco; north-africa","blogs.loc.gov; cryptoforinnovation.org; research.hktdc.com; lightspark.com",stories/2026-07-09/morocco-licensed-what-it-couldnt-ban.html,published
2026-07-10,bitcoin-beacon-newspaper-2026-07-10.html,2026-07-10-vietnam-bitcoin-property-not-money,"Vietnam Makes Bitcoin Property, Not Money",on-the-ground,"Hanoi, Vietnam","property-law; digital-technology-industry-law; resolution-05-2025; licensing; oecd; vietnam; southeast-asia","wfw.com; russinvecchi.com.vn; vietnam-briefing.com; theinvestor.vn; blockhead.co",stories/2026-07-10/vietnam-bitcoin-property-not-money.html,published
2026-07-10,bitcoin-beacon-newspaper-2026-07-10.html,2026-07-10-bstr-spac-collapses,"Adam Back's Bitcoin SPAC Collapses",markets,"New York, USA","bstr; adam-back; blockstream; cantor; cepo; spac; pipe; treasuries","benzinga.com; bitcoinmagazine.com; bitcoinnewsdigest.substack.com; cryptobriefing.com",stories/2026-07-10/bstr-spac-collapses.html,published
2026-07-10,bitcoin-beacon-newspaper-2026-07-10.html,2026-07-10-metaplanet-securities-tokyo,"Metaplanet Turns a Tokyo Brokerage Into Its Bitcoin Arm",markets,"Tokyo, Japan","metaplanet; siiibo; project-nova; yield-products; treasuries; japan; asia","bitcoinmagazine.com; coingape.com; decrypt.co; theblock.co",stories/2026-07-10/metaplanet-securities-tokyo.html,published
2026-07-10,bitcoin-beacon-newspaper-2026-07-10.html,2026-07-10-fed-minutes-split,"Nine of Eighteen Fed Officials Want Another Hike",money-macro,"Washington, USA","fomc; kevin-warsh; core-pce; rates; inflation; debasement; united-states","apnews.com; bankingjournal.aba.com; bitcoinnewsdigest.substack.com; fortune.com",stories/2026-07-10/fed-minutes-split.html,published
2026-07-10,bitcoin-beacon-newspaper-2026-07-10.html,2026-07-10-bitgo-quantum-custody,"BitGo Gives Bitcoin Wallets a Quantum Risk Score",network-mining,"Global","bitgo; quantum; post-quantum; utxo; multisig; custody; address-reuse; adam-back","bitcoinmagazine.com; businesswire.com; talos.com; bitgo.com",stories/2026-07-10/bitgo-quantum-custody.html,published
2026-07-10,bitcoin-beacon-newspaper-2026-07-10.html,2026-07-10-alfa-bank-bitcoin-trading,"Russia's Biggest Private Bank Starts Trading Bitcoin",policy-nation-states,"Moscow, Russia","alfa-bank; russia; qualified-investors; digital-depository; sanctions; banks; europe","bitcoinmagazine.com; cryptobriefing.com; crypto.news; financefeeds.com",stories/2026-07-10/alfa-bank-bitcoin-trading.html,published
2026-07-10,bitcoin-beacon-newspaper-2026-07-10.html,2026-07-10-jpmorgan-private-blockchains,"JPMorgan Says Private Blockchains Are Bitcoin's Real Threat",opinion,"Global","jpmorgan; kinexys; permissioned-ledgers; tokenization; banks; enclosure","bitcoinmagazine.com; cryptobriefing.com; beincrypto.com; cointribune.com",stories/2026-07-10/jpmorgan-private-blockchains.html,published
2026-07-11,bitcoin-beacon-newspaper-2026-07-11.html,2026-07-11-kazakhstan-tax-free-bitcoin-mining,"Kazakhstan Cuts Taxes to Pull Bitcoin Onshore",policy-nation-states,"Astana, Kazakhstan","decree; tokayev; mining; stranded-gas; tax-exemption; state-reserve; kazakhstan; central-asia","cryptobriefing.com; forklog.com; cryptopolitan.com; cryptometer.io",stories/2026-07-11/kazakhstan-tax-free-bitcoin-mining.html,published
2026-07-11,bitcoin-beacon-newspaper-2026-07-11.html,2026-07-11-el-salvador-reserve-accounting-imf,"El Salvador Keeps Buying Bitcoin Its IMF Deal Forbids",money-macro,"San Salvador, El Salvador","reserve; imf; accounting; wallet-consolidation; bukele; bandesal; el-salvador; latam","cryptoslate.com; news.bitcoin.com; 99bitcoins.com; intellinews.com",stories/2026-07-11/el-salvador-reserve-accounting-imf.html,published
2026-07-11,bitcoin-beacon-newspaper-2026-07-11.html,2026-07-11-ethiopia-dam-bitcoin-mining,"Ethiopia's Mega-Dam Now Runs Bitcoin Mines",network-mining,"Grand Ethiopian Renaissance Dam, Ethiopia","mining; hydro; gerd; phoenix-group; permits; hashrate; ethiopia; africa","datacenterdynamics.com; cointelegraph.com; bitcoinke.io; mariblock.com",stories/2026-07-11/ethiopia-dam-bitcoin-mining.html,published
2026-07-11,bitcoin-beacon-newspaper-2026-07-11.html,2026-07-11-clarity-act-senate-countdown,"The Bill That Would Define Bitcoin Stalls in the Senate",policy-nation-states,"Washington, USA","clarity-act; cftc; market-structure; senate; commodity; regulation; united-states","coindesk.com; cnbc.com; congress.gov; lw.com",stories/2026-07-11/clarity-act-senate-countdown.html,published
2026-07-11,bitcoin-beacon-newspaper-2026-07-11.html,2026-07-11-lightning-capacity-record-fewer-nodes,"Lightning Hits a Capacity Record With Fewer Nodes",network-mining,"Global","lightning; capacity; nodes; routing; centralization; payments; network-health","spark.money; finance.yahoo.com; coinlaw.io; 1ml.com",stories/2026-07-11/lightning-capacity-record-fewer-nodes.html,published
2026-07-11,bitcoin-beacon-newspaper-2026-07-11.html,2026-07-11-square-bitcoin-default-tills,"Bitcoin Is Now the Default at Millions of Square Checkouts",opinion,"United States","square; block; lightning; payments; merchants; default; adoption; united-states","squareup.com; coindesk.com; lightningnetwork.plus; thedefiant.io",stories/2026-07-11/square-bitcoin-default-tills.html,published
2026-07-12,bitcoin-beacon-newspaper-2026-07-12.html,2026-07-12-bolivia-dollar-shortage-bitcoin,"Bolivia Ran Out of Dollars. Bitcoin Filled the Gap.",on-the-ground,"La Paz, Bolivia","payments; lightning; blink; stablecoins; dollar-shortage; openbcb; aeon; ypfb; bolivia; latam","centralbanking.com; news.bitcoin.com; planbolivia.com; prnewswire.com; coingeek.com",stories/2026-07-12/bolivia-dollar-shortage-bitcoin.html,published
2026-07-12,bitcoin-beacon-newspaper-2026-07-12.html,2026-07-12-standard-chartered-100k-target-strategy,"Standard Chartered Keeps Its $100,000 Bitcoin Target",markets,"London, UK","standard-chartered; kendrick; price-target; strategy; strc; treasuries; analysts; united-kingdom","theblock.co; benzinga.com; bitcoinmagazine.com; crypto.news",stories/2026-07-12/standard-chartered-100k-target-strategy.html,published
2026-07-12,bitcoin-beacon-newspaper-2026-07-12.html,2026-07-12-czech-national-bank-bitcoin-trial,"Prague's Central Bank Puts Bitcoin on a Two-Year Trial",policy-nation-states,"Prague, Czechia","cnb; michl; central-bank-reserves; diversification; test-portfolio; czechia; europe","theblock.co; ledgerinsights.com; cryptonomist.ch; cryptopolitan.com",stories/2026-07-12/czech-national-bank-bitcoin-trial.html,published
2026-07-12,bitcoin-beacon-newspaper-2026-07-12.html,2026-07-12-galaxy-helios-miner-ai-landlord,"A Bitcoin Miner Became an AI Landlord in West Texas",network-mining,"West Texas, USA","galaxy; helios; coreweave; ai-data-center; hpc; ercot; mining-pivot; miners; united-states","theblock.co; galaxy.com; bitcoinnewsdigest.substack.com; stocktwits.com",stories/2026-07-12/galaxy-helios-miner-ai-landlord.html,published
2026-07-12,bitcoin-beacon-newspaper-2026-07-12.html,2026-07-12-america-banned-digital-dollar,"America Banned a Digital Dollar It Never Built",opinion,"Washington, USA","cbdc-ban; road-to-housing-act; circle; occ; stablecoins; fed; monetary-policy; united-states","theblock.co; bitcoinmagazine.com; circle.com; bitcoinnewsdigest.substack.com",stories/2026-07-12/america-banned-digital-dollar.html,published
2026-07-13,bitcoin-beacon-newspaper-2026-07-13.html,2026-07-13-india-rbi-prohibition,"39 Million Indians Own Bitcoin. Their Central Bank Wants It Banned.",policy-nation-states,"New Delhi, India","rbi;prohibition;reserve-pilot;bhandari;tax;grassroots;parliament;india;south-asia","coindesk.com;reuters.com;cryptoslate.com;cryptotimes.io;chainalysis.com",stories/2026-07-13/india-rbi-prohibition.html,published
2026-07-13,bitcoin-beacon-newspaper-2026-07-13.html,2026-07-13-pakistan-crypto-fatwa,"Pakistan Built a Bitcoin Plan. Its Top Cleric Says It's Haram.",policy-nation-states,"Islamabad, Pakistan","fatwa;taqi-usmani;pvara;bin-saqib;virtual-assets-act;shariah;reserve;mining;pakistan;south-asia","dailypakistan.com.pk;tribune.com.pk;theblock.co;coindesk.com",stories/2026-07-13/pakistan-crypto-fatwa.html,published
2026-07-13,bitcoin-beacon-newspaper-2026-07-13.html,2026-07-13-bitcoin-suisse-abu-dhabi-license,"Abu Dhabi Hands a Swiss Bitcoin Firm a Full License",markets,"Abu Dhabi, UAE","bitcoin-suisse;btcs;adgm;fsra;custody;licensing;majcen;uae;gulf;middle-east","crowdfundinsider.com;crypto.news;news.bitcoin.com;themiddleeastinsider.com",stories/2026-07-13/bitcoin-suisse-abu-dhabi-license.html,published
2026-07-13,bitcoin-beacon-newspaper-2026-07-13.html,2026-07-13-argentina-cheque-tax-exemption,"Argentina Ends a Tax on Buying Bitcoin",money-macro,"Buenos Aires, Argentina","milei;cheque-tax;order-475;vasp;exchanges;on-ramp;stablecoins;argentina;latam","news.bitcoin.com;gncrypto.news;coindesk.com",stories/2026-07-13/argentina-cheque-tax-exemption.html,published
2026-07-13,bitcoin-beacon-newspaper-2026-07-13.html,2026-07-13-de-minimis-bitcoin-tax-bill,"Congress Moves to Stop Taxing Tiny Bitcoin Payments",opinion,"Washington, USA","de-minimis;hr-9178;ways-and-means;yakym;neal;network-fees;payments;tax;united-states","waysandmeans.house.gov;tax.thomsonreuters.com;bdo.com;bitcoinnewsdigest.substack.com",stories/2026-07-13/de-minimis-bitcoin-tax-bill.html,published
2026-07-14,bitcoin-beacon-newspaper-2026-07-14.html,2026-07-14-africa-merchants-settle-fiat,"African Shops Take Bitcoin, Get Paid in Cash",on-the-ground,"Nairobi, Kenya","merchants;lightning;settle-in-fiat;mular;bitspenda;machankura;fedi;payments;africa;kenya;nigeria;ghana","techcabal.com;bitcoinmagazine.com;spark.money;cryptobriefing.com",stories/2026-07-14/africa-merchants-settle-fiat.html,published
2026-07-14,bitcoin-beacon-newspaper-2026-07-14.html,2026-07-14-indonesia-licenses-few-shuts-many,"Indonesia Licenses a Few Exchanges, Shuts 228",policy-nation-states,"Jakarta, Indonesia","btse;ojk;pakd;law-no-4;satgas-pasti;licensing;on-ramp;indonesia;southeast-asia","btse.com;cryptotimes.io;technode.global;blockhead.co",stories/2026-07-14/indonesia-licenses-few-shuts-many.html,published
2026-07-14,bitcoin-beacon-newspaper-2026-07-14.html,2026-07-14-bhutan-jigmeling-mine-full-power,"Bhutan's State Bitcoin Mine Reaches Full Power",network-mining,"Jigmeling, Bhutan","mining;hydro;bitdeer;jigmeling;dhi;sovereign;reserve;bhutan;himalaya;south-asia","kuenselonline.com;bhutanmirror.com;bravenewcoin.com;datacentermap.com;news.bitcoin.com",stories/2026-07-14/bhutan-jigmeling-mine-full-power.html,published
2026-07-14,bitcoin-beacon-newspaper-2026-07-14.html,2026-07-14-strategy-bank-bitcoin-index,"Strategy Grades the Banks on Bitcoin",markets,"New York, USA","strategy;saylor;bank-adoption-index;fidelity;goldman;jpmorgan;custody;institutions;united-states","cryptotimes.io;news.bitcoin.com;benzinga.com;x.com",stories/2026-07-14/strategy-bank-bitcoin-index.html,published
2026-07-14,bitcoin-beacon-newspaper-2026-07-14.html,2026-07-14-colombia-peso-bitcoin-savings,"Colombia's Savers Reach for Bitcoin as the Peso Slips",money-macro,"Bogota, Colombia","peso;stablecoins;dollarization;savings;remittances;chainalysis;colombia;latam","riotimesonline.com;chainalysis.com",stories/2026-07-14/colombia-peso-bitcoin-savings.html,published
2026-07-14,bitcoin-beacon-newspaper-2026-07-14.html,2026-07-14-turkey-taxes-the-exit,"Turkey Taxes the Exit From the Lira",opinion,"Istanbul, Turkey","lira;debasement;payment-ban;casp;licensing;tax;law-7518;turkey;eurasia","middleeastbriefing.com;sumsub.com;cryptoforinnovation.org;lightspark.com",stories/2026-07-14/turkey-taxes-the-exit.html,published
2026-07-15,bitcoin-beacon-newspaper-2026-07-15.html,2026-07-15-south-korea-bitcoin-national-asset,"South Korea Moves to Treat Bitcoin as a National Asset",policy-nation-states,"Seoul, South Korea","national-asset-basic-act;digital-asset-basic-act;spot-etf;capital-markets-act;corporate-treasury;south-korea;east-asia","theblock.co;crypto.news;cryptobriefing.com;coindesk.com",stories/2026-07-15/south-korea-bitcoin-national-asset.html,published
2026-07-15,bitcoin-beacon-newspaper-2026-07-15.html,2026-07-15-philippines-qr-ph-bitcoin-merchants,"Filipinos Can Now Spend Bitcoin at 700,000 Shops",on-the-ground,"Manila, Philippines","qr-ph;coins-ph;merchants;lightning;remittances;bsp;peso;philippines;southeast-asia","news.bitcoin.com;businessmirror.com.ph;strike.me;lightspark.com",stories/2026-07-15/philippines-qr-ph-bitcoin-merchants.html,published
2026-07-15,bitcoin-beacon-newspaper-2026-07-15.html,2026-07-15-laos-cuts-power-bitcoin-miners,"Laos Pulls the Plug on Its Bitcoin Miners",network-mining,"Vientiane, Laos","mining;hydropower;edl;power-cut;ai-pivot;debt;mekong;laos;southeast-asia","mekongeye.com;bitcoinist.com;finance.yahoo.com;panewslab.com",stories/2026-07-15/laos-cuts-power-bitcoin-miners.html,published
2026-07-15,bitcoin-beacon-newspaper-2026-07-15.html,2026-07-15-brazil-central-bank-vasp-deadline,"Brazil's Bitcoin Firms Face an October Deadline",money-macro,"Brasilia, Brazil","bcb;resolution-519-520-521;vasp;custody;proof-of-reserves;segregation;deadline;brazil;latam","notabene.id;bcb.gov.br;bdo.global;coindesk.com",stories/2026-07-15/brazil-central-bank-vasp-deadline.html,published
2026-07-15,bitcoin-beacon-newspaper-2026-07-15.html,2026-07-15-citi-deutsche-bitcoin-custody,"Citi and Deutsche Bank Will Hold Bitcoin for Clients",markets,"New York, USA","citi;deutsche-bank;custody;institutional;bitpanda;taurus;swift;cross-margining;united-states;germany","cnbc.com;coindesk.com;bitcoinmagazine.com",stories/2026-07-15/citi-deutsche-bitcoin-custody.html,published
2026-07-15,bitcoin-beacon-newspaper-2026-07-15.html,2026-07-15-etf-outflows-price-holds,"The Bitcoin ETFs Are Bleeding. The Price Barely Moved.",opinion,"Global","etf-outflows;flows;long-term-holders;illiquid-supply;market-structure;saylor;strategy;united-states","kucoin.com;bitcoinnewsdigest.substack.com;fortune.com;finance.yahoo.com",stories/2026-07-15/etf-outflows-price-holds.html,published
2026-07-16,bitcoin-beacon-newspaper-2026-07-16.html,2026-07-16-zimbabwe-licenses-bitcoin-economy,"Zimbabwe Puts Its Bitcoin Economy on the Books",on-the-ground,"Harare, Zimbabwe","si-99-2026;fiu;rbz;registration;2-percent-tax;hyperinflation;stablecoins;zig;zimbabwe;africa","techzim.co.zw;technext24.com;techinafrica.com;cryptonews.com",stories/2026-07-16/zimbabwe-licenses-bitcoin-economy.html,published
2026-07-16,bitcoin-beacon-newspaper-2026-07-16.html,2026-07-16-russia-bitcoin-foreign-trade-law,"Russia Opens a Bitcoin Lane for Foreign Trade",money-macro,"Moscow, Russia","cross-border-trade;sanctions;foreign-trade-law;experimental-legal-regime;ruble;oil-metals-grain;russia;eurasia","99bitcoins.com",stories/2026-07-16/russia-bitcoin-foreign-trade-law.html,published
2026-07-16,bitcoin-beacon-newspaper-2026-07-16.html,2026-07-16-paraguay-mining-tariffs-consolidation,"Paraguay Prices Out Half Its Bitcoin Miners",network-mining,"Ciudad del Este, Paraguay","ande;itaipu;tariffs;consolidation;ai-data-centers;contracts-2027;hashrate;paraguay;latam","hashrateindex.com;riotimesonline.com;theparaguaypost.com;southernpulse.substack.com",stories/2026-07-16/paraguay-mining-tariffs-consolidation.html,published
2026-07-16,bitcoin-beacon-newspaper-2026-07-16.html,2026-07-16-japan-bitcoin-etf-tax-bill,"Japan Moves to Legalize Bitcoin ETFs",markets,"Tokyo, Japan","fiea;bitcoin-etf;20-percent-tax;fsa;upper-house;tokyo-stock-exchange;japan;east-asia","cryptotimes.io;cryptobriefing.com;coinedition.com;blockonomi.com",stories/2026-07-16/japan-bitcoin-etf-tax-bill.html,published
2026-07-16,bitcoin-beacon-newspaper-2026-07-16.html,2026-07-16-kyrgyzstan-state-mining-reserve,"Kyrgyzstan Wants the State to Mine and Hold Bitcoin",policy-nation-states,"Bishkek, Kyrgyzstan","state-mining;state-crypto-reserve;virtual-assets-law;a7a5-stablecoin;hydropower;som;kyrgyzstan;central-asia","bitcoinist.com;ccn.com",stories/2026-07-16/kyrgyzstan-state-mining-reserve.html,published
2026-07-16,bitcoin-beacon-newspaper-2026-07-16.html,2026-07-16-taiwan-bitcoin-reserve-geopolitics,"Taiwan Wants a Reserve China Can't Freeze",opinion,"Taipei, Taiwan","reserve;ko-ju-chun;geopolitics;china;fx-reserves;seizure-resistance;bitcoin-policy-institute;taiwan;east-asia","news.bitcoin.com;btcpolicy.org;cryptobriefing.com",stories/2026-07-16/taiwan-bitcoin-reserve-geopolitics.html,published
2026-07-17,bitcoin-beacon-newspaper-2026-07-17.html,2026-07-17-new-york-dormant-wallet-lawsuit,"A New York Lawsuit Wants to Seize 3.8 Million Idle Bitcoin",network-mining,"New York, USA","dormant-wallets;abandoned-property;noah-doe;self-custody;bitcoin-policy-institute;satoshi;article-7b;lawsuit;united-states","crypto.news;news.bitcoin.com;ccn.com;cryptobriefing.com;tftc.io",stories/2026-07-17/new-york-dormant-wallet-lawsuit.html,published
2026-07-17,bitcoin-beacon-newspaper-2026-07-17.html,2026-07-17-salinas-orange-juice-bitcoin-treasury,"Ricardo Salinas Backs a $40 Million Bitcoin Holding Company",markets,"Mexico City, Mexico","orange-juice;ricardo-salinas;grupo-salinas;lyn-alden;jeff-booth;ego-death-capital;permanent-capital;treasury;cash-flow;mexico;latam","prnewswire.com;lynalden.com;cryptobriefing.com;tftc.io;bitcoinnewsdigest.substack.com",stories/2026-07-17/salinas-orange-juice-bitcoin-treasury.html,published
2026-07-17,bitcoin-beacon-newspaper-2026-07-17.html,2026-07-17-africa-bitcoin-corp-treasury,"Africa's First Listed Bitcoin Treasury Targets 21,000 Coins",markets,"Johannesburg, South Africa","altvest;africa-bitcoin-corp;jse;treasury;210m-raise;21000-btc;main-board;south-africa;africa","cryptoninjas.net;finance.yahoo.com;mariblock.com;moneyweb.co.za;techcabal.com",stories/2026-07-17/africa-bitcoin-corp-treasury.html,published
2026-07-17,bitcoin-beacon-newspaper-2026-07-17.html,2026-07-17-vietnam-onshore-crypto-exchange-licenses,"Vietnam Moves to Pull Its Bitcoin Traders Onshore",policy-nation-states,"Hanoi, Vietnam","resolution-05;pilot;licensed-exchanges;techcombank;vpbank;lpbank;vix;sun-group;offshore-block;on-ramp;vietnam;southeast-asia","theblock.co;vietnamplus.vn;theinvestor.vn;beincrypto.com;coindesk.com",stories/2026-07-17/vietnam-onshore-crypto-exchange-licenses.html,published
2026-07-17,bitcoin-beacon-newspaper-2026-07-17.html,2026-07-17-nydig-supply-cycle-low,"NYDIG Says Bitcoin's Slump Is Supply, Not Fear",money-macro,"New York, USA","nydig;four-year-cycle;cycle-low;38000;supply;oil;strait-of-hormuz;fed;macro;market-structure;united-states","bitcoinnewsdigest.substack.com;bitcoinmagazine.com;coindesk.com;fxleaders.com",stories/2026-07-17/nydig-supply-cycle-low.html,published
2026-07-17,bitcoin-beacon-newspaper-2026-07-17.html,2026-07-17-miners-ai-grid-arbitrage,"The Grid Blocked AI. Bitcoin Miners Cash In.",opinion,"United States","mining;ai-data-centers;grid;interconnection;power-contracts;70b-contracts;24b-stalled;bitcoin-policy-institute;solo-mining;hpc;united-states","bitcoinnewsdigest.substack.com;phemex.com;blockchain-council.org;btcpolicy.org",stories/2026-07-17/miners-ai-grid-arbitrage.html,published
2026-07-18,bitcoin-beacon-newspaper-2026-07-18.html,2026-07-18-lebanon-banks-froze-bitcoin-cash-economy,"Lebanon's Banks Froze. Bitcoin Keeps Moving.",on-the-ground,"Beirut, Lebanon","cash-economy;bank-collapse;lira;stablecoins;humanitarian-aid;dollarization;p2p;lebanon;middle-east","cryptoforinnovation.org;coindesk.com;chainalysis.com;themiddleeastinsider.com",stories/2026-07-18/lebanon-banks-froze-bitcoin-cash-economy.html,published
2026-07-18,bitcoin-beacon-newspaper-2026-07-18.html,2026-07-18-panama-crypto-payments-bill,"Panama Moves to Make Bitcoin Legal to Spend",policy-nation-states,"Panama City, Panama","anteproyecto-314;legal-payment;vasp;casp;sbp;uaf;aml;mutual-agreement;2022-veto;panama;central-america;latam","cryptoslate.com;dig.watch;cryptoninjas.net;lightspark.com",stories/2026-07-18/panama-crypto-payments-bill.html,published
2026-07-18,bitcoin-beacon-newspaper-2026-07-18.html,2026-07-18-sweden-btc-preferred-stock-undersubscribed,"A 10% Dividend Couldn't Sell Sweden's Bitcoin Stock",markets,"Stockholm, Sweden","bitcoin-treasury-capital;btc-pref;preferred-stock;spotlight;rights-issue;undersubscribed;10-percent-dividend;treasury;sweden;europe","cryptobriefing.com;tftc.io;cryptoslate.com;coinedition.com",stories/2026-07-18/sweden-btc-preferred-stock-undersubscribed.html,published
2026-07-18,bitcoin-beacon-newspaper-2026-07-18.html,2026-07-18-egypt-digital-pound-cbdc-versus-bitcoin,"Egypt Is Building a Digital Pound to Curb Bitcoin",money-macro,"Cairo, Egypt","cbdc;e-pound;central-bank-of-egypt;pound-devaluation;p2p;financial-inclusion;2030;egypt;north-africa;mena","enterpriseam.com;mariblock.com;cryptoforinnovation.org;cbdctracker.hrf.org",stories/2026-07-18/egypt-digital-pound-cbdc-versus-bitcoin.html,published
2026-07-18,bitcoin-beacon-newspaper-2026-07-18.html,2026-07-18-oman-flared-gas-bitcoin-mining,"Oman Turns Its Flared Gas Into Bitcoin",network-mining,"Muscat, Oman","flared-gas;stranded-gas;mining;solar;kyc-aml;energy-monetization;jobs;oman;gulf;middle-east","tronweekly.com;spark.money;cryptonews.com",stories/2026-07-18/oman-flared-gas-bitcoin-mining.html,published
2026-07-18,bitcoin-beacon-newspaper-2026-07-18.html,2026-07-18-sovereign-bitcoin-pledges-versus-holdings,"Forty Countries Pledged Bitcoin. Thirteen Actually Hold It.",opinion,"Global","sovereign-reserve;pledges-vs-holdings;seized-coin;us-328k;el-salvador;bhutan;pakistan;37.9b;announcement-gap","glinsight.com;news.bitcoin.com;bleap.finance;crypto.news;thestreet.com",stories/2026-07-18/sovereign-bitcoin-pledges-versus-holdings.html,published
2026-07-19,bitcoin-beacon-newspaper-2026-07-19.html,2026-07-19-thailand-touristdigipay-bitcoin-baht,"Thailand Lets Tourists Spend Bitcoin in Baht",on-the-ground,"Bangkok, Thailand","touristdigipay;crypto-to-baht;sandbox;tourism;qr-payments;lightning;bank-of-thailand;sec;amlo;stablecoins;thailand;southeast-asia","nationthailand.com;siam-legal.com;ccn.com;tomshardware.com;travelandtourworld.com",stories/2026-07-19/thailand-touristdigipay-bitcoin-baht.html,published
2026-07-19,bitcoin-beacon-newspaper-2026-07-19.html,2026-07-19-ethiopia-state-bitcoin-mining-ownership,"Ethiopia Wants to Own Its Bitcoin Mines, Not Just Host Them",network-mining,"Addis Ababa, Ethiopia","state-mining;ethiopian-investment-holdings;abiy-ahmed;west-data-group;gerd;hydropower;250m-deal;20-30-percent-stake;sovereign-wealth;ai-data-centers;ethiopia;africa","mexc.co;ethiopiancapitalmarket.com;bitcoinke.io;news.bitcoin.com;theafricareport.com",stories/2026-07-19/ethiopia-state-bitcoin-mining-ownership.html,published
2026-07-19,bitcoin-beacon-newspaper-2026-07-19.html,2026-07-19-nigeria-sec-arip-onshore-exchanges,"Nigeria Opens a Legal Door for Its Bitcoin Traders",policy-nation-states,"Abuja, Nigeria","sec;arip;luno;kucoin;gigx;busha;quidax;cngn;isa-2025;2021-cbn-ban;p2p;onshore-ramp;stablecoins;nigeria;africa","bitcoinke.io;techafricanews.com;cryptonews.net;mariblock.com",stories/2026-07-19/nigeria-sec-arip-onshore-exchanges.html,published
2026-07-19,bitcoin-beacon-newspaper-2026-07-19.html,2026-07-19-ukraine-bitcoin-reserve-bill-13356,"Ukraine Weighs Putting Bitcoin in Its War Chest",money-macro,"Kyiv, Ukraine","reserve;draft-law-13356;zheleznyak;national-bank;nbu;virtual-assets;war-chest;seizure-resistance;binance;40000-btc;permissive;ukraine;europe;eurasia","thedefiant.io;bitcoinist.com;moneycheck.com;coinpedia.org",stories/2026-07-19/ukraine-bitcoin-reserve-bill-13356.html,published
2026-07-19,bitcoin-beacon-newspaper-2026-07-19.html,2026-07-19-bitcoin-treasury-companies-splitting,"The Bitcoin Treasury Boom Is Splitting in Two",opinion,"Global","treasury-companies;mnav;premium;treasury-bv;winklevoss;nakamoto;euronext;bitcoin-treasury-capital;btc-pref;bstr;adam-back;salinas;cash-flow;shakeout","theblock.co;coindesk.com;cryptonomist.ch;cryptobriefing.com;bitcointreasuries.net",stories/2026-07-19/bitcoin-treasury-companies-splitting.html,published
2026-07-20,bitcoin-beacon-newspaper-2026-07-20.html,2026-07-20-kibera-afribit-circular-economy,"In Kibera, Cleaning the Streets Pays in Bitcoin",on-the-ground,"Nairobi, Kenya","afribit;kibera;circular-economy;lightning;blink;waste-recycling;financial-sovereignty;bitcoin-ekasi;machankura;kenya;africa","afribit.africa;medium.com;techcabal.com;bitcoinmagazine.com;bitcoiners.africa",stories/2026-07-20/kibera-afribit-circular-economy.html,published
2026-07-20,bitcoin-beacon-newspaper-2026-07-20.html,2026-07-20-pakistan-virtual-assets-act-mining-reserve,"Pakistan Commits 2,000 Megawatts to Bitcoin Mining",network-mining,"Islamabad, Pakistan","virtual-assets-act-2026;pvara;bilal-bin-saqib;pakistan-crypto-council;2000mw;mining;state-reserve;bitget;40m-users;state-bank;pakistan;south-asia","coincentral.com;cryptotimes.io;dawn.com;techjuice.pk;coindesk.com;business-standard.com",stories/2026-07-20/pakistan-virtual-assets-act-mining-reserve.html,published
2026-07-20,bitcoin-beacon-newspaper-2026-07-20.html,2026-07-20-square-block-bitcoin-million-merchants,"A Million U.S. Stores Can Now Take Bitcoin",markets,"San Francisco, USA","block;square;lightning;merchants;tap-to-pay;fee-waiver;bitcoin-back;point-of-sale;four-million-merchants;united-states","squareup.com;coindesk.com;financefeeds.com;cryptonomist.ch",stories/2026-07-20/square-block-bitcoin-million-merchants.html,published
2026-07-20,bitcoin-beacon-newspaper-2026-07-20.html,2026-07-20-ghana-vasp-licensing-sandbox,"Ghana Licenses the Firms Handling Its Bitcoin",policy-nation-states,"Accra, Ghana","vasp-act;bank-of-ghana;virtual-assets-regulatory-office;sec;fic;sandbox;11-firms;cedi;gold-backed-stablecoin;mahama;ghana;africa","coindesk.com;mariblock.com;bog.gov.gh;trade.gov;thebftonline.com",stories/2026-07-20/ghana-vasp-licensing-sandbox.html,published
2026-07-20,bitcoin-beacon-newspaper-2026-07-20.html,2026-07-20-bitcoin-stablecoins-payments-take,"Let the Stablecoins Have the Checkout",opinion,"Global","stablecoins;usdt;bolivia;payments-vs-savings;el-salvador;chivo;lightning;tether-freeze;division-of-labour;take","investingnews.com;ambcrypto.com;coinpedia.org;news.bitcoin.com",stories/2026-07-20/bitcoin-stablecoins-payments-take.html,published
2026-07-21,bitcoin-beacon-newspaper-2026-07-21.html,2026-07-21-senegal-banxaas-cfa-franc-lightning,"A Senegalese Startup Wires Bitcoin Into Mobile Money",on-the-ground,"Dakar, Senegal","banxaas;yite-technologies;cfa-franc;mobile-money;lightning;wave;orange-money;mtn;westtoeast;m-pesa;tando;machankura;hrf;senegal;cote-divoire;west-africa;africa","hrf.org;insider.btcpp.dev;bitcoiners.africa;bitcoinmagazine.com;banxaas.com",stories/2026-07-21/senegal-banxaas-cfa-franc-lightning.html,published
2026-07-21,bitcoin-beacon-newspaper-2026-07-21.html,2026-07-21-morocco-bill-4225-ends-crypto-ban,"Morocco Moves to End Its Eight-Year Bitcoin Ban",policy-nation-states,"Rabat, Morocco","bill-42-25;bank-al-maghrib;ammc;ministry-of-finance;2017-ban;licensing;aml;p2p;morocco;north-africa;maghreb","moroccoworldnews.com;cryptoforinnovation.org;blogs.loc.gov;lightspark.com;laraontheblock.com",stories/2026-07-21/morocco-bill-4225-ends-crypto-ban.html,published
2026-07-21,bitcoin-beacon-newspaper-2026-07-21.html,2026-07-21-metaplanet-securities-bitcoin-credit,"Metaplanet Buys a Brokerage to Lend Against Bitcoin",markets,"Tokyo, Japan","metaplanet;metaplanet-securities;siiibo;project-nova;bitcoin-backed-bonds;jpyc;progmat;fsa;type-i-license;43000-btc;treasury;credit;japan;east-asia","coindesk.com;news.bitcoin.com;cryptonomist.ch;kucoin.com;cryptobriefing.com",stories/2026-07-21/metaplanet-securities-bitcoin-credit.html,published
2026-07-21,bitcoin-beacon-newspaper-2026-07-21.html,2026-07-21-india-taxes-bitcoin-rbi-ban,"India Taxes the Bitcoin It Still Won't Legalize",money-macro,"New Delhi, India","30-percent-tax;115bbh;1-percent-tds;194s;union-budget-2026;rbi;prohibition;reuters;pradeep-bhandari;bjp;strategic-reserve;grassroots-adoption;india;south-asia","coindesk.com;cryptotimes.io;business-standard.com;zebpay.com;coindcx.com",stories/2026-07-21/india-taxes-bitcoin-rbi-ban.html,published
2026-07-21,bitcoin-beacon-newspaper-2026-07-21.html,2026-07-21-bitcoin-hashrate-falling-difficulty-take,"The Miners Are Leaving. Bitcoin Doesn't Mind.",opinion,"Global","hashrate;difficulty-adjustment;mining;ai-hpc;public-miners;security-budget;issuance;thermostat;concentration;coinshares;take","news.bitcoin.com;coinwarz.com;finance.yahoo.com;bitcoinminingstock.io;coinshares.com",stories/2026-07-21/bitcoin-hashrate-falling-difficulty-take.html,published
2026-07-22,bitcoin-beacon-newspaper-2026-07-22.html,2026-07-22-bolivia-first-bitcoin-merchant-la-paz,Bolivia's First Bitcoin Merchant Is a Ceviche Shop,on-the-ground,"La Paz, Bolivia",el-pulpo;bitcoin-research;blink;lightning;circular-economy;dollar-drought;usdt;banco-central-de-bolivia;2020-ban;bolivia;latam,blink.sv;investingnews.com;news.bitcoin.com;cointribune.com,stories/2026-07-22/bolivia-first-bitcoin-merchant-la-paz.html,published
2026-07-22,bitcoin-beacon-newspaper-2026-07-22.html,2026-07-22-coinshares-bitcoin-mining-ucits-etf-europe,CoinShares Lists Europe's First Regulated Bitcoin-Mining Fund,markets,"Frankfurt, Germany",coinshares;ucits;mine-etf;deutsche-borse;xetra;bitcoin-mining-index;pension-funds;mica;institutional;germany;europe,globenewswire.com;crypto.news;cryptotimes.io;kucoin.com,stories/2026-07-22/coinshares-bitcoin-mining-ucits-etf-europe.html,published
2026-07-22,bitcoin-beacon-newspaper-2026-07-22.html,2026-07-22-clarity-act-cftc-bitcoin-jurisdiction,A U.S. Bill Would Put Bitcoin Under the CFTC,policy-nation-states,"Washington, USA",clarity-act;cftc;sec;spot-market;bank-secrecy-act;ftx-loophole;ryan-vangrack;warren;van-hollen;august-recess;united-states,bitcoinnewsdigest.substack.com;news.futunn.com;bitcoinmagazine.com;bitcoinfoundation.org,stories/2026-07-22/clarity-act-cftc-bitcoin-jurisdiction.html,published
2026-07-22,bitcoin-beacon-newspaper-2026-07-22.html,2026-07-22-south-korea-spot-bitcoin-etf-roadmap,South Korea Plans Its First Spot Bitcoin ETFs,money-macro,"Seoul, South Korea",spot-etf;tokenized-bonds;digital-asset-basic-act;won-stablecoin;ministry-economy-finance;fsc;bank-of-korea;korea-exchange;south-korea;east-asia,coinmarketcap.com;crypto.news;coinlaw.io;finance.yahoo.com,stories/2026-07-22/south-korea-spot-bitcoin-etf-roadmap.html,published
2026-07-22,bitcoin-beacon-newspaper-2026-07-22.html,2026-07-22-bitdeer-sealminer-nevada-chip-factory,Bitdeer Will Build Its Mining Chips in Nevada,network-mining,"Sparks, Nevada, USA",bitdeer;sealminer;asic;manufacturing;sparks-nevada;bitmain;supply-chain;onshoring;990-btc;ai-cloud;united-states,globenewswire.com;crypto.news;nevadaappeal.com;finance.yahoo.com,stories/2026-07-22/bitdeer-sealminer-nevada-chip-factory.html,published
2026-07-22,bitcoin-beacon-newspaper-2026-07-22.html,2026-07-22-bitcoin-risk-asset-war-take,Bitcoin Traded Like a Tech Stock. That's Fine.,opinion,Global,safe-haven;digital-gold;risk-asset;iran-strikes;strait-of-hormuz;permissionless-money;adoption-thesis;take;global,bitcoinnewsdigest.substack.com;blink.sv;forbes.com,stories/2026-07-22/bitcoin-risk-asset-war-take.html,published
2026-07-23,bitcoin-beacon-newspaper-2026-07-23.html,2026-07-23-russia-bitcoin-foreign-trade-law,"Russia Legalizes Bitcoin for Foreign Trade",policy-nation-states,"Moscow, Russia","bill-1194918-8;cross-border-settlement;sanctions;swift;bitcoin-as-property;experimental-legal-regime;oil-metals-grain;domestic-ban;eight-venues;federation-council;russia;eurasia","bitcoinmagazine.com;tftc.io;cryptotimes.io;coincentral.com;finance.yahoo.com",stories/2026-07-23/russia-bitcoin-foreign-trade-law.html,published
2026-07-23,bitcoin-beacon-newspaper-2026-07-23.html,2026-07-23-bancastato-switzerland-bitcoin-trading,"A Swiss State Bank Opens Bitcoin to Its Clients",markets,"Lugano, Switzerland","bancastato;cantonal-bank;ticino;sygnum;avaloq;off-balance-sheet-custody;zkb;st-galler-kantonalbank;mica;casp;retail-adoption;switzerland;europe","bitcoinmagazine.com;bancastato.ch;sygnum.com",stories/2026-07-23/bancastato-switzerland-bitcoin-trading.html,published
2026-07-23,bitcoin-beacon-newspaper-2026-07-23.html,2026-07-23-twenty-one-capital-mallers-resigns-merger,"Jack Mallers Quits Twenty One Capital as Merger Collapses",markets,"New York, USA","twenty-one-capital;xxi;jack-mallers;raphael-zagury;tether;strike;elektron-energy;merger-collapse;43514-btc;treasury-company;mnav-premium;united-states","coindesk.com;news.bitcoin.com;bitcoinmagazine.com;cryptoslate.com;bitcoinnewsdigest.substack.com",stories/2026-07-23/twenty-one-capital-mallers-resigns-merger.html,published
2026-07-23,bitcoin-beacon-newspaper-2026-07-23.html,2026-07-23-galaxy-bitcoin-quantum-readiness-initiative,"Galaxy Puts $5 Million Toward Quantum-Proofing Bitcoin",network-mining,"Global","galaxy-digital;quantum-readiness-initiative;post-quantum-cryptography;elliptic-curve;exposed-keys;bip-110;data-filter;miner-signaling;protocol;global","galaxy.com;bitcoinnewsdigest.substack.com;bitcoinmagazine.com",stories/2026-07-23/galaxy-bitcoin-quantum-readiness-initiative.html,published
2026-07-23,bitcoin-beacon-newspaper-2026-07-23.html,2026-07-23-financial-privacy-bipartisan-bitcoin-take,"Left and Right Agree: Keep the State Out of Your Wallet",opinion,"Global","financial-privacy;surveillance;bipartisan;self-custody;censorship-resistance;genius-act;fed-liquidity;cbdc;pseudonymous;take;global","prnewswire.com;bitcoinnewsdigest.substack.com;grip.globalrelay.com",stories/2026-07-23/financial-privacy-bipartisan-bitcoin-take.html,published
2026-07-24,bitcoin-beacon-newspaper-2026-07-24.html,2026-07-24-bitnob-lightning-africa-payroll-remittances,"A $50 Transfer to Lagos Now Costs Two Cents",on-the-ground,"Lagos, Nigeria","bitnob;lightning;remittances;payroll;strike;bitwage;bitnob-enterprise;mobile-money;stablecoins;fee-collapse;west-africa;nigeria;africa","disruptafrica.com;mariblock.com;bitnob.com;tokenmetrics.com;spark.money",stories/2026-07-24/bitnob-lightning-africa-payroll-remittances.html,published
2026-07-24,bitcoin-beacon-newspaper-2026-07-24.html,2026-07-24-kazakhstan-strategic-crypto-reserve-miners,"Kazakhstan Will Fill a State Bitcoin Reserve From Its Miners",policy-nation-states,"Astana, Kazakhstan","state-reserve;resolution-638;strategic-digital-mining;astana-hub;national-bank;national-investment-corporation;10-year-power-contracts;150mw;tokayev;miner-contribution;central-asia;kazakhstan","bitcoinmagazine.com;tftc.io;cryptobriefing.com;tradingview.com;crypto.news",stories/2026-07-24/kazakhstan-strategic-crypto-reserve-miners.html,published
2026-07-24,bitcoin-beacon-newspaper-2026-07-24.html,2026-07-24-brazil-decripto-crypto-tax-reporting,"Brazil Tells Bitcoin Holders to Report Every Month",money-macro,"Brasilia, Brazil","decripto;receita-federal;carf;oecd;monthly-reporting;35000-brl;17.5-percent-tax;offshore-exchanges;defi;p2p;resolution-519;nubank;surveillance;brazil;latam","agenciabrasil.ebc.com.br;bdo.global;kpmg.com;cointracker.io;clickpetroleoegas.com.br",stories/2026-07-24/brazil-decripto-crypto-tax-reporting.html,published
2026-07-24,bitcoin-beacon-newspaper-2026-07-24.html,2026-07-24-paraguay-mining-revenue-consolidation,"Paraguay Earns More From Bitcoin, With Fewer Miners",network-mining,"Asuncion, Paraguay","ande;itaipu;hydropower;mining-revenue;350m;consolidation;943mw;730mw;0.033-kwh;stranded-power;concentration;41-operators;paraguay;latam","hashrateindex.com;riotimesonline.com;spark.money;movetoparaguay.com",stories/2026-07-24/paraguay-mining-revenue-consolidation.html,published
2026-07-24,bitcoin-beacon-newspaper-2026-07-24.html,2026-07-24-states-mine-bitcoin-before-trusting-citizens-take,"States Mine Bitcoin Before They Trust You to Hold It",opinion,"Global","state-mining;sovereign-reserve;kazakhstan;paraguay;pakistan;ethiopia;bhutan;el-salvador;self-custody;revenue-vs-money;energy-policy;take;global","bitcoinmagazine.com;riotimesonline.com;ccn.com;ainvest.com;bravenewcoin.com",stories/2026-07-24/states-mine-bitcoin-before-trusting-citizens-take.html,published
2026-07-25,bitcoin-beacon-newspaper-2026-07-25.html,2026-07-25-el-salvador-bitcoin-reserve-imf-reviews-stall,"El Salvador Keeps Buying Bitcoin as IMF Reviews Stall",money-macro,"San Salvador, El Salvador","strategic-bitcoin-reserve;imf;extended-fund-facility;zero-ceiling;bukele;consolidation;7700-btc;chivo;legal-tender-amended;reviews-stalled;el-salvador;central-america;latam","intellinews.com;imf.org;financefeeds.com;news.bitcoin.com;cryptoslate.com",stories/2026-07-25/el-salvador-bitcoin-reserve-imf-reviews-stall.html,published
2026-07-25,bitcoin-beacon-newspaper-2026-07-25.html,2026-07-25-bitcoin-suisse-abu-dhabi-adgm-license,"Bitcoin Suisse Wins a Full Abu Dhabi License",markets,"Abu Dhabi, UAE","bitcoin-suisse;btcs-middle-east;adgm;fsra;institutional-custody;derivatives;liechtenstein-mica;binance;kraken;3.7bn-auc;gulf;uae;mena","crowdfundinsider.com;bitcoinmagazine.com;gulfnews.com;crypto.news;news.bitcoin.com",stories/2026-07-25/bitcoin-suisse-abu-dhabi-adgm-license.html,published
2026-07-25,bitcoin-beacon-newspaper-2026-07-25.html,2026-07-25-bhutan-bitcoin-outflows-gelephu-licensing,"Bhutan Moves 100 More Bitcoin Out of Its Reserve",network-mining,"Thimphu, Bhutan","reserve-outflows;arkham;druk-holdings;gelephu-mindfulness-city;sar;fast-track-licensing;10000-btc-pledge;drawdown;3200-btc;13000-peak;bhutan;south-asia","crypto-economy.com;theblock.co;cointelegraph.com;coindesk.com;coinpedia.org",stories/2026-07-25/bhutan-bitcoin-outflows-gelephu-licensing.html,published
2026-07-25,bitcoin-beacon-newspaper-2026-07-25.html,2026-07-25-kenya-finance-bill-vasp-reporting,"Kenya Wants a Report on Every Bitcoin Trader",policy-nation-states,"Nairobi, Kenya","finance-bill-2026;vasp;user-level-reporting;kra;tax-procedures-act;digital-payment-tax;vasp-act-2025;national-treasury;foreign-giants;p2p;kenya;east-africa;africa","tekedia.com;crypto.news;beincrypto.com;news.bitcoin.com;capitalfm.co.ke",stories/2026-07-25/kenya-finance-bill-vasp-reporting.html,published
2026-07-25,bitcoin-beacon-newspaper-2026-07-25.html,2026-07-25-zimbabwe-zig-bitcoin-hedge,"Zimbabweans Reach for Bitcoin as the ZiG Wobbles",on-the-ground,"Harare, Zimbabwe","zig;gold-backed-currency;de-dollarization-roadmap;15-percent-offshore-tax;stablecoins;hyperinflation;sixth-currency;p2p;bearer-asset;zimbabwe;southern-africa;africa","news.bitcoin.com;technext24.com;miningzimbabwe.com;pindula.co.zw;cryptorank.io",stories/2026-07-25/zimbabwe-zig-bitcoin-hedge.html,published
2026-07-25,bitcoin-beacon-newspaper-2026-07-25.html,2026-07-25-regulation-follows-adoption-take,"Governments Regulate Bitcoin Only After Their Citizens Adopt It",opinion,"Global","regulation-follows-adoption;vasp;licensing;kenya;indonesia-ojk;vietnam;nigeria;ghana;surveillance;recognition-not-permission;take;global","tekedia.com;cryptonews.com;cryptorank.io;mariblock.com;news.bitcoin.com",stories/2026-07-25/regulation-follows-adoption-take.html,published
2026-07-26,bitcoin-beacon-newspaper-2026-07-26.html,2026-07-26-indonesia-closed-loop-circular-economy,"Indonesia Banned Bitcoin Payments. Its Users Found a Loophole.",on-the-ground,"Bandung, Indonesia","closed-loop;circular-economy;fedi;fedimint;ecash;lightning;blink;wallet-of-satoshi;my-first-bitcoin;payments-ban;bank-indonesia;rupiah;dimas-alfaruq;bali;bitcoin-island;hrf;opensats;indonesia;southeast-asia;asia","bitcoinmagazine.com;fedi.xyz;blink.sv;bitcoinindonesia.xyz;github.com",stories/2026-07-26/indonesia-closed-loop-circular-economy.html,published
2026-07-26,bitcoin-beacon-newspaper-2026-07-26.html,2026-07-26-bitcoin-sells-off-risk-macro-headwinds,"Bitcoin Falls With Tech Stocks as Rate Fears Return",money-macro,"New York, USA","sell-off;risk-asset;nasdaq;ai-capex;treasury-yields;tariffs;section-301;fomc;rate-hike;etf-outflows;liquidations;options-expiry;72000-strike;macro;global","bitcoinnewsdigest.substack.com;ccn.com;crypto.news;kucoin.com;news.bitcoin.com",stories/2026-07-26/bitcoin-sells-off-risk-macro-headwinds.html,published
2026-07-26,bitcoin-beacon-newspaper-2026-07-26.html,2026-07-26-morgan-stanley-bitcoin-etf-400-million,"Morgan Stanley's Bitcoin ETF Nears $400 Million in Three Months",markets,"New York, USA","morgan-stanley;spot-etf;wealth-management;16000-advisors;balchunas;etrade;50-bps;galaxy;distribution;institutional;united-states","bitcoinmagazine.com;cryptonews.net;fortune.com;news.bitcoin.com;finance.yahoo.com",stories/2026-07-26/morgan-stanley-bitcoin-etf-400-million.html,published
2026-07-26,bitcoin-beacon-newspaper-2026-07-26.html,2026-07-26-czech-national-bank-bitcoin-reserve-mica,"A Czech Central Banker Still Wants Bitcoin in His Reserves",policy-nation-states,"Prague, Czech Republic","czech-national-bank;ales-michl;reserve-asset;1-percent-allocation;diversification;koruna;mica;july-1-deadline;derogation;poland;sweden;hungary;romania;bulgaria;czech-republic;europe;eu","bitget.com;bitcoinmagazine.com;invity.io;thecoinrepublic.com;financefeeds.com",stories/2026-07-26/czech-national-bank-bitcoin-reserve-mica.html,published
2026-07-26,bitcoin-beacon-newspaper-2026-07-26.html,2026-07-26-bitplanet-korea-mining-oman-paraguay,"Korea's Bitplanet Will Mine Bitcoin in Oman and Paraguay",network-mining,"Seoul, South Korea","bitplanet;mining;offshore-deployment;oman;paraguay;itaipu;hydropower;stranded-gas;10-million;7-btc-month;electricity-cost;ai-competition;south-korea;gulf;latam","bitcoinfoundation.org;hashrateindex.com;spark.money;theparaguaypost.com",stories/2026-07-26/bitplanet-korea-mining-oman-paraguay.html,published
2026-07-26,bitcoin-beacon-newspaper-2026-07-26.html,2026-07-26-bitcoin-american-statecraft-ftep-take,"Bitcoin Just Became a Tool of American Foreign Policy",opinion,"Washington, USA","freedom-tech-excellence-program;ftep;state-department;bitcoin-policy-institute;palantir;anduril;victims-of-communism;statecraft;soft-power;censorship-resistance;co-option;take;global","theblock.co;crypto.news;bitcoinmagazine.com;bitcoinnewsdigest.substack.com",stories/2026-07-26/bitcoin-american-statecraft-ftep-take.html,published
2026-07-27,bitcoin-beacon-newspaper-2026-07-27.html,2026-07-27-chipper-cash-lightning-fifty-percent,Chipper Cash Now Moves Half Its Bitcoin on Lightning,on-the-ground,"Kampala, Uganda",chipper-cash;lightning;voltage;custodial;remittances;seven-million-users;chessa;strike;cash-app;payments;fintech;uganda;east-africa;africa,prnewswire.com;voltage.cloud;bitcoinmagazine.com;news.bitcoin.com;financefeeds.com,stories/2026-07-27/chipper-cash-lightning-fifty-percent.html,published
2026-07-27,bitcoin-beacon-newspaper-2026-07-27.html,2026-07-27-turkey-lira-bitcoin-adoption-surge,"The Lira Falls, and Turkey Keeps Buying Bitcoin",money-macro,"Istanbul, Turkey",lira;depreciation;trm-labs;q1-2026;fifth-globally;40-billion;savings;stablecoins;transaction-tax;withholding-tax;spk;carf;turkey;mena;emerging-markets,trmlabs.com;cryptoforinnovation.org;bitget.com;lightspark.com;admdlaw.com,stories/2026-07-27/turkey-lira-bitcoin-adoption-surge.html,published
2026-07-27,bitcoin-beacon-newspaper-2026-07-27.html,2026-07-27-poolin-mining-pool-bankruptcy,"Poolin, Once Bitcoin's Biggest Mining Pool, Files for Bankruptcy",markets,Singapore,poolin;chapter-11;bankruptcy;mining-pool;lonestar;west-texas;tarbush;pyote;11700-users;164-million;2022-liquidity-crisis;ai-competition;hash-price;singapore;united-states,news.bitcoin.com;coindesk.com;tftc.io;cryptoslate.com;kucoin.com,stories/2026-07-27/poolin-mining-pool-bankruptcy.html,published
2026-07-27,bitcoin-beacon-newspaper-2026-07-27.html,2026-07-27-vietnam-pilot-exchange-licenses,Vietnam Opens Licensed Exchanges to Its Bitcoin Users,policy-nation-states,"Hanoi, Vietnam",resolution-05-2025;pilot;exchange-licenses;five-firms;400-million-capital;65-percent-institutional;ministry-of-finance;q2-2026;onshore;grey-market;southeast-asia;vietnam;asia,kucoin.com;bitget.com;vietnam-briefing.com;coinmarketcap.com;wfw.com,stories/2026-07-27/vietnam-pilot-exchange-licenses.html,published
2026-07-27,bitcoin-beacon-newspaper-2026-07-27.html,2026-07-27-ethiopia-mining-power-tariff-shock,Ethiopia Raised Power Prices. Its Bitcoin Miners May Leave.,network-mining,"Addis Ababa, Ethiopia",ethiopian-electric-power;tariff-hike;30-percent;24-percent;28-percent;grand-ethiopian-renaissance-dam;gerd;600mw;kazakhstan-moment;unprofitable;chinese-miners;hydropower;ethiopia;east-africa;africa,shega.co;addisfortune.news;addisstandard.com;techpression.com;thereporterethiopia.com,stories/2026-07-27/ethiopia-mining-power-tariff-shock.html,published
2026-07-27,bitcoin-beacon-newspaper-2026-07-27.html,2026-07-27-custodial-lightning-onramp-take,Custodial Bitcoin Apps Aren't a Betrayal. They're the On-Ramp.,opinion,Global,custodial;self-custody;not-your-keys;lightning;on-ramp;chipper;chivo;cash-app;coinbase;celsius;ftx;poolin;graduation;single-point-of-failure;take;global,voltage.cloud;bitcoinmagazine.com;cryptoslate.com,stories/2026-07-27/custodial-lightning-onramp-take.html,published
2026-07-28,bitcoin-beacon-newspaper-2026-07-28.html,2026-07-28-south-africa-moneybadger-bitcoin-retail,"South Africa Puts Bitcoin at the Grocery Till",on-the-ground,"Cape Town, South Africa","moneybadger;bybit-pay;pick-n-pay;lightning;qr-payments;scan-to-pay;zapper;rand-settlement;merchant-adoption;stellenbosch;retail;south-africa;southern-africa;africa","prnewswire.com;disruptafrica.com;moneybadger.co.za;africabusinesscommunities.com;chainwire.org",stories/2026-07-28/south-africa-moneybadger-bitcoin-retail.html,published
2026-07-28,bitcoin-beacon-newspaper-2026-07-28.html,2026-07-28-pakistan-pvara-bitcoin-licensing,"Pakistan Brings Its Bitcoin Market Under License",policy-nation-states,"Islamabad, Pakistan","pvara;virtual-assets-act-2026;licensing;noc;ten-category-framework;binance;htx;40-million-users;crypto-crime-unit;rupee;exchanges;pakistan;south-asia","theblock.co;coinmarketcap.com;pvara.gov.pk;coincentral.com;ccn.com",stories/2026-07-28/pakistan-pvara-bitcoin-licensing.html,published
2026-07-28,bitcoin-beacon-newspaper-2026-07-28.html,2026-07-28-strategy-pauses-bitcoin-buys-balance-sheet,"Strategy Stopped Buying Bitcoin. Now It Defends Its Balance Sheet.",markets,"New York, USA","strategy;microstrategy;saylor;843775-btc;form-8-k;strc-preferred;25m-buyback;3.75b-reserve;dividends;treasury-company;pause;united-states","sec.gov;bitcoinnewsdigest.substack.com;bitcointreasuries.net",stories/2026-07-28/strategy-pauses-bitcoin-buys-balance-sheet.html,published
2026-07-28,bitcoin-beacon-newspaper-2026-07-28.html,2026-07-28-bitmart-exchange-wind-down,"BitMart Shuts Its Trading Doors After Nine Years",markets,"Global","bitmart;exchange-wind-down;bmx-token;withdrawals;spot-futures;rootdata;99-dead-projects;offshore-liquidity;single-point-of-failure;shakeout;global","bitcoinfoundation.org;tradingview.com;bitcoinnewsdigest.substack.com",stories/2026-07-28/bitmart-exchange-wind-down.html,published
2026-07-28,bitcoin-beacon-newspaper-2026-07-28.html,2026-07-28-crypto-companies-fail-bitcoin-adoption-take,"Crypto Companies Are Failing. Bitcoin Adoption Isn't.",opinion,"Global","crypto-shakeout;bitmart;poolin;strategy-pause;rootdata;99-projects;protocol-vs-industry;self-custody;adoption;south-africa;chipper;lightning;take;global","bitcoinfoundation.org;bitcoinnewsdigest.substack.com;bitcoinmagazine.com;prnewswire.com",stories/2026-07-28/crypto-companies-fail-bitcoin-adoption-take.html,published
2026-07-29,bitcoin-beacon-newspaper-2026-07-29.html,2026-07-29-costa-rica-bitcoin-jungle-circular-economy,"In Costa Rica, Surf Towns Spend Bitcoin Over Lightning",on-the-ground,"Uvita, Costa Rica","bitcoin-jungle;lightning;circular-economy;sinpe;colones;btcpay-server;osa;dominical;uvita;jaco;quepos;tourism;bitcoin-beach;self-custody;costa-rica;central-america;latam","bitcoinmagazine.com;blog.btcpayserver.org;bitcoinjungle.app;h17n.com",stories/2026-07-29/costa-rica-bitcoin-jungle-circular-economy.html,published
2026-07-29,bitcoin-beacon-newspaper-2026-07-29.html,2026-07-29-bip-110-data-limit-fork-dispute,"Bitcoin Miners Snub a Fork to Limit On-Chain Data",network-mining,"Global","bip-110;reduced-data-softfork;ordinals;brc-20;runes;op-return;taproot-annex;uasf;miner-signaling;55-percent;0.92-percent;bitcoin-core;saylor;planb;lyn-alden;chain-split;protocol;global","bitcoinfoundation.org;bips.dev;strategy.com;bgeometrics.com",stories/2026-07-29/bip-110-data-limit-fork-dispute.html,published
2026-07-29,bitcoin-beacon-newspaper-2026-07-29.html,2026-07-29-argentina-banks-bitcoin-cnv-qualified-investor,"Argentina Clears Its Banks to Offer Bitcoin",money-macro,"Buenos Aires, Argentina","bcra;2022-ban-reversal;banco-galicia;bbva;santander;custody;trading;cnv;resolution-1125-2026;qualified-investor;inflation;peso;stablecoins;milei;argentina;latam","coindesk.com;bitcoinmagazine.com;news.bitcoin.com;dig.watch",stories/2026-07-29/argentina-banks-bitcoin-cnv-qualified-investor.html,published
2026-07-29,bitcoin-beacon-newspaper-2026-07-29.html,2026-07-29-ghana-vasp-licensing-bank-of-ghana,"Ghana Starts Licensing Its Bitcoin Firms",policy-nation-states,"Accra, Ghana","vasp-bill;bank-of-ghana;sec;registration;licensing;dec-22-2025;mar-5-2026;3-million-users;17-percent;3-billion;cedi;remittances;phased-licensing;ghana;west-africa;africa","gbcghanaonline.com;newsghana.com.gh;mariblock.com;forbes.com",stories/2026-07-29/ghana-vasp-licensing-bank-of-ghana.html,published
2026-07-29,bitcoin-beacon-newspaper-2026-07-29.html,2026-07-29-count-the-cash-registers-adoption-take,"Forget the Price. Count the Cash Registers.",opinion,"Global","adoption-metrics;merchant-adoption;circular-economy;price-vs-usage;treasuries;etfs;lightning;costa-rica;ghana;argentina;steelman;liquidity;take;global","bitcoinjungle.app;spark.money;chainalysis.com",stories/2026-07-29/count-the-cash-registers-adoption-take.html,published
2026-07-30,bitcoin-beacon-newspaper-2026-07-30.html,2026-07-30-iran-rial-collapse-bitcoin-savings,"As the Rial Collapses, Iranians Move to Bitcoin",on-the-ground,"Tehran, Iran","rial;currency-collapse;hyperinflation;self-custody;sanctions;strait-of-hormuz;stablecoins;lebanon;savings;ten-million-users;imf;iran;mena","tftc.io;cointelegraph.com;bitcoinmagazine.com;coindesk.com;ainvest.com",stories/2026-07-30/iran-rial-collapse-bitcoin-savings.html,published
2026-07-30,bitcoin-beacon-newspaper-2026-07-30.html,2026-07-30-japan-fiea-bitcoin-financial-instrument,"Japan Made Bitcoin a Financial Product",policy-nation-states,"Tokyo, Japan","fiea;financial-instrument;reclassification;20-percent-tax;spot-etf;diet;sbi;nomura;jpx;fsa;2028;metaplanet;japan;asia","tftc.io;cryptobriefing.com;crypto-economy.com;techtimes.com;financemagnates.com",stories/2026-07-30/japan-fiea-bitcoin-financial-instrument.html,published
2026-07-30,bitcoin-beacon-newspaper-2026-07-30.html,2026-07-30-bitcoin-etf-inflows-institutional-return,"Bitcoin ETFs Post a Third Week of Inflows",markets,"New York, USA","spot-etf;ibit;blackrock;inflows;institutional-demand;fund-flows;third-week;fomc;fitch;united-states","coindesk.com;247wallst.com;investing.com;cointribune.com;techtimes.com",stories/2026-07-30/bitcoin-etf-inflows-institutional-return.html,published
2026-07-30,bitcoin-beacon-newspaper-2026-07-30.html,2026-07-30-strike-bitcoin-backed-loans-no-margin-call,"Strike Will Lend Against Your Bitcoin Without Margin Calls",money-macro,"Global","strike;jack-mallers;bitcoin-backed-loans;no-margin-call;volatility-protected;14.2-percent;collateral;celsius;blockfi;credit;global","bitcoinfoundation.org;strike.me;cryptoslate.com;bitcoinmagazine.com",stories/2026-07-30/strike-bitcoin-backed-loans-no-margin-call.html,published
2026-07-30,bitcoin-beacon-newspaper-2026-07-30.html,2026-07-30-lightning-labs-wavelength-self-custodial-api,"Lightning Labs Wants AI Agents to Pay in Bitcoin",network-mining,"Global","lightning-labs;wavelength;self-custodial;api;ai-agents;l402;mcp;ark;one-basis-point;micropayments;machine-payments;global","lightning.engineering;bitcoinmagazine.com;tftc.io;cryptobriefing.com",stories/2026-07-30/lightning-labs-wavelength-self-custodial-api.html,published
2026-07-30,bitcoin-beacon-newspaper-2026-07-30.html,2026-07-30-fed-meeting-bitcoin-real-users-take,"The Fed Meets This Week. Bitcoin's New Users Won't Notice.",opinion,"Global","fomc;fed;risk-asset;currency-collapse;iran;lagos;buenos-aires;adoption;etfs;liquidity;disconnect;take;global","bitcoinnewsdigest.substack.com;tftc.io;cointelegraph.com",stories/2026-07-30/fed-meeting-bitcoin-real-users-take.html,published
2026-07-31,bitcoin-beacon-newspaper-2026-07-31.html,2026-07-31-zambia-gridless-hydro-bitcoin-mining,"In Zambia, a Bitcoin Mine Keeps the Lights On",on-the-ground,"Zengamina, Zambia","gridless;block;stillmark;zengamina;hydropower;mini-grid;rural-electrification;buyer-of-last-resort;malawi;kenya;run-of-river;stranded-energy;hashrate-decentralization;zambia;southern-africa;africa","bitcoinmagazine.com;crypto.news;thecooldown.com;cnbc.com;gridlesscompute.com",stories/2026-07-31/zambia-gridless-hydro-bitcoin-mining.html,published
2026-07-31,bitcoin-beacon-newspaper-2026-07-31.html,2026-07-31-nigeria-naira-savings-bitcoin-hedge,"Nigerians Who Kept Only Naira Lost Half Their Money",money-macro,"Lagos, Nigeria","naira;devaluation;inflation;savings;store-of-value;stablecoins;grassroots-adoption;chainalysis;p2p;remittances;isa-2025;sec;nigeria;west-africa;africa","breet.io;disruptionbanking.com;business.cornell.edu;bitcoinist.com;finbold.com",stories/2026-07-31/nigeria-naira-savings-bitcoin-hedge.html,published
2026-07-31,bitcoin-beacon-newspaper-2026-07-31.html,2026-07-31-hungary-mica-license-validator-repeal,"Hungary Scraps Its Toughest Crypto Rule",policy-nation-states,"Budapest, Hungary","mica;casp-license;tiwala-solutions;coincash;validator-repeal;national-bank-of-hungary;2024-crypto-law;eu;deregulation;passporting;hungary;europe","cryptobriefing.com;crypto.news;dailynewshungary.com;kucoin.com;cryptonomist.ch",stories/2026-07-31/hungary-mica-license-validator-repeal.html,published
2026-07-31,bitcoin-beacon-newspaper-2026-07-31.html,2026-07-31-indonesia-ojk-crypto-oversight-p2sk,"Indonesia Hands Its Bitcoin Market to the Financial Regulator",policy-nation-states,"Jakarta, Indonesia","uu-p2sk;law-4-2026;ojk;bappebti;exchange-licensing;500-billion-rupiah;320-million;capital-requirement;consolidation;payments-ban;indonesia;southeast-asia;asia","abnrlaw.com;aiying.cc;blockhead.co;globallegalinsights.com",stories/2026-07-31/indonesia-ojk-crypto-oversight-p2sk.html,published
2026-07-31,bitcoin-beacon-newspaper-2026-07-31.html,2026-07-31-funds-own-bitcoin-people-hold-it-take,"Big Investors Own Bitcoin They Cant Spend",opinion,"Global","sovereign-wealth-funds;norway;nbim;mubadala;luxembourg;fsil;bitcoin-etf;custody;self-custody;exposure-vs-possession;bearer-asset;wrapper;take;global","coindesk.com;cryptobriefing.com;valuethemarkets.com;netcoins.com",stories/2026-07-31/funds-own-bitcoin-people-hold-it-take.html,published
2026-08-01,bitcoin-beacon-newspaper-2026-08-01.html,2026-08-01-coldcard-firmware-bug-bitcoin-theft,"A Firmware Bug Drained $38 Million From Coldcard Wallets",network-mining,"Toronto, Canada","coldcard;coinkite;firmware-bug;weak-entropy;rng-fallback;594-btc;38-million;70-million;self-custody;hardware-wallet;mk3;bip39-passphrase;dice-entropy;multisig;peter-todd;slipstream;mara;block-engineering;nvk;ai-assisted-exploit;seed-phrase;global","coindesk.com;bitcoinmagazine.com;blog.coinkite.com;engineering.block.xyz;bitcoinnewsdigest.substack.com",stories/2026-08-01/coldcard-firmware-bug-bitcoin-theft.html,published
2026-08-01,bitcoin-beacon-newspaper-2026-08-01.html,2026-08-01-vida-global-lightning-bitcoin-payroll,"Vida Global Now Pays Its Team in Bitcoin",on-the-ground,"Austin, USA","vida-global;nyse-vida;lightning;voltage-credit;bitcoin-payroll;wages;no-balance-sheet;usd-settlement;argentina;peso;lyle-pratt;graham-krizek;cfo-template;first-public-company;sound-money;austin;united-states","tftc.io;finanzwire.com;prnewswire.com;lightning.engineering",stories/2026-08-01/vida-global-lightning-bitcoin-payroll.html,published
2026-08-01,bitcoin-beacon-newspaper-2026-08-01.html,2026-08-01-sec-yield-bearing-bitcoin-etf-cme,"The SEC Clears Yield-Bearing Bitcoin ETFs",markets,"New York, USA","sec;cboe-bzx;15-percent-nav-buffer;no-action-letter;yield-bearing-etf;covered-calls;lending;cme;24-7-futures;globex;etf-inflows;ibit;blackrock;financialization;counterparty-risk;markets;united-states","bitcoinnewsdigest.substack.com;webull.com;coindesk.com;pluang.com",stories/2026-08-01/sec-yield-bearing-bitcoin-etf-cme.html,published
2026-08-01,bitcoin-beacon-newspaper-2026-08-01.html,2026-08-01-el-salvador-2027-election-bitcoin-opposition,"El Salvador's Rivals Line Up Against Bukele's Bitcoin",policy-nation-states,"San Salvador, El Salvador","2027-election;bukele;nuevas-ideas;arena;maytee-iraheta;fmln;rafael-aguirre;felix-ulloa;fiscal-failure;bitcoin-reserve;7725-btc;daily-buys;imf;legal-tender-amended;political-risk;el-salvador;central-america;latam","crypto-economy.com;bitcoinworld.co.in;freemalaysiatoday.com;kucoin.com;coinpedia.org",stories/2026-08-01/el-salvador-2027-election-bitcoin-opposition.html,published
2026-08-01,bitcoin-beacon-newspaper-2026-08-01.html,2026-08-01-bitcoin-yield-where-it-comes-from-take,"Wall Street Wants Bitcoin to Pay Interest. Ask Where It Comes From.",opinion,"Global","yield-bearing-bitcoin;financialization;rehypothecation;counterparty-risk;covered-calls;lending;celsius;blockfi;voyager;coldcard;not-your-keys;sec-yield-etf;bearer-asset;steelman;take;global","bitcoinnewsdigest.substack.com;coindesk.com;bitcoinmagazine.com",stories/2026-08-01/bitcoin-yield-where-it-comes-from-take.html,published
2026-08-02,bitcoin-beacon-newspaper-2026-08-02.html,2026-08-02-square-bitcoin-four-million-merchants,"Square Will Let Four Million Shops Take Bitcoin",on-the-ground,"San Francisco, USA","square;block;lightning;merchant-acceptance;point-of-sale;qr-payments;usd-settlement;zero-fees;four-million-merchants;bitcoin-conversions;jack-dorsey;retail;united-states","block.xyz;squareup.com;coindesk.com;bitcoinmagazine.com;thedefiant.io;spark.money",stories/2026-08-02/square-bitcoin-four-million-merchants.html,published
2026-08-02,bitcoin-beacon-newspaper-2026-08-02.html,2026-08-02-kazakhstan-miner-reserve-ten-percent,"Kazakhstan Now Takes a Tenth of Its Miners' Bitcoin",network-mining,"Astana, Kazakhstan","kazakhstan;national-strategic-crypto-reserve;resolution-638;ten-percent-tithe;ekibastuz;coal-power;10-year-contracts;150-mw;sovereign-reserve;tokayev;mining;central-asia","kz.kursiv.media;cryptopolitan.com;bitcoinmagazine.com;tftc.io;finance.biggo.com",stories/2026-08-02/kazakhstan-miner-reserve-ten-percent.html,published
2026-08-02,bitcoin-beacon-newspaper-2026-08-02.html,2026-08-02-bhutan-3iq-sovereign-bitcoin-mandate,"Bhutan Hands Its Bitcoin to an Outside Manager",markets,"Thimphu, Bhutan","bhutan;gelephu-mindfulness-city;3iq;sovereign-treasury;external-manager;custody;5600-btc;10000-btc-pledge;hydropower-mining;offshore-hub;asset-management;asia","tftc.io;prnewswire.co.uk;crypto-economy.com;cryptonews.com;news.bitcoin.com",stories/2026-08-02/bhutan-3iq-sovereign-bitcoin-mandate.html,published
2026-08-02,bitcoin-beacon-newspaper-2026-08-02.html,2026-08-02-tanzania-bitcoin-regulatory-framework,"Tanzania Writes Its First Rulebook for Bitcoin",policy-nation-states,"Dar es Salaam, Tanzania","bank-of-tanzania;regulatory-concept;virtual-assets;stablecoins;3-percent-withholding-tax;stablecoin-sandbox;investor-protection;shilling;remittances;east-africa;africa","thecitizen.co.tz;cryptobriefing.com;news.bitcoin.com;coinedition.com;blog.ueex.com",stories/2026-08-02/tanzania-bitcoin-regulatory-framework.html,published
2026-08-02,bitcoin-beacon-newspaper-2026-08-02.html,2026-08-02-states-hold-bitcoin-you-cant-take,"Governments Want Bitcoin. They Just Don't Want You Holding It.",opinion,"Global","sovereign-custody;bearer-asset;self-custody;kazakhstan;bhutan;oman;state-reserve;accumulation-vs-adoption;steelman;take;global","kz.kursiv.media;tftc.io;bitcoinmagazine.com",stories/2026-08-02/states-hold-bitcoin-you-cant-take.html,published
2026-08-03,bitcoin-beacon-newspaper-2026-08-03.html,2026-08-03-zhibao-shares-for-bitcoin-treasury,"A Chinese Insurer Swapped Shares for a Bitcoin Treasury",markets,"Shenzhen, China","zhibao-technology;zbao;bitcoin-pipe;btc-settled;2380-btc;154-million;corporate-treasury;board-overhaul;insurtech;nasdaq;china;asia;ai","stocktitan.net;newsfilecorp.com;marketchameleon.com;bitcoinnewsdigest.substack.com",stories/2026-08-03/zhibao-shares-for-bitcoin-treasury.html,published
2026-08-03,bitcoin-beacon-newspaper-2026-08-03.html,2026-08-03-malaysia-johor-bitcoin-power-theft,"Malaysia Raids Bitcoin Miners Stealing Its Power",network-mining,"Johor, Malaysia","malaysia;johor;electricity-theft;illegal-mining;power-theft;raid;asic;tenaga;thailand;indonesia;laos;mining-economics;southeast-asia","mugglehead.com;bitcoinnewsdigest.substack.com",stories/2026-08-03/malaysia-johor-bitcoin-power-theft.html,published
2026-08-03,bitcoin-beacon-newspaper-2026-08-03.html,2026-08-03-us-sanctions-iran-hormuz-bitcoin,"Washington Sanctions Iran's Bitcoin Insurance Scheme",policy-nation-states,"Washington, USA","ofac;us-treasury;iran;strait-of-hormuz;hormuz-safe;pgmic;sanctions;bitcoin-insurance;sanctions-evasion;shadow-fleet;operation-economic-fury;censorship-resistance","home.treasury.gov;ofac.treasury.gov;bitcoinmagazine.com;bitcoinnewsdigest.substack.com",stories/2026-08-03/us-sanctions-iran-hormuz-bitcoin.html,published
2026-08-03,bitcoin-beacon-newspaper-2026-08-03.html,2026-08-03-companies-outbuy-miners-supply,"Companies Now Buy Bitcoin Faster Than Miners Make It",money-macro,"Global","corporate-treasury;public-companies;q2-2026;110000-btc;supply-squeeze;1.26-million-btc;strategy;concentration;miners-supply;etf-flows;macro;global","cryptobriefing.com;bitcoinmagazine.com;bitcointreasuries.net;bitcoinnewsdigest.substack.com",stories/2026-08-03/companies-outbuy-miners-supply.html,published
2026-08-03,bitcoin-beacon-newspaper-2026-08-03.html,2026-08-03-bitcoin-miners-ai-landlords,"Bitcoin's Biggest Miners Are Becoming AI Landlords",opinion,"Global","core-scientific;amd;terawulf;anthropic;cleanspark;ai-pivot;hpc;data-center;hashrate;network-security;mining;take;global","investors.corescientific.com;coindesk.com;mugglehead.com;bitcoinmagazine.com;bitcoinnewsdigest.substack.com",stories/2026-08-03/bitcoin-miners-ai-landlords.html,published
2026-08-04,bitcoin-beacon-newspaper-2026-08-04.html,2026-08-04-russia-moscow-bitcoin-mining-ban,Russia Bans Bitcoin Mining Around Moscow Until 2032,network-mining,"Moscow, Russia","resolution-936;mishustin;moscow;moscow-region;kursk;mining-ban;734-mw;65-data-centers;grid-strain;siberia;hashrate;relocation;eurasia;russia","news.bitcoin.com;consultant.ru;tass.ru;cryptopolitan.com",stories/2026-08-04/russia-moscow-bitcoin-mining-ban.html,published
2026-08-04,bitcoin-beacon-newspaper-2026-08-04.html,2026-08-04-minnesota-bitcoin-atm-ban,Minnesota Bans Bitcoin ATMs Statewide,policy-nation-states,"St. Paul, USA","sf-3868;tim-walz;crypto-atm;bitcoin-kiosk;virtual-currency-kiosk;scams;seniors;1-million;tennessee;indiana;consumer-protection;on-ramp;united-states","mprnews.org;foxbusiness.com;cryptonomist.ch;lmc.org",stories/2026-08-04/minnesota-bitcoin-atm-ban.html,published
2026-08-04,bitcoin-beacon-newspaper-2026-08-04.html,2026-08-04-hashdex-closes-bitcoin-etf,Hashdex Is Winding Down Its Spot Bitcoin ETF,markets,"New York, USA","hashdex;defi-etf;nyse-arca;spot-bitcoin-etf;liquidation;225-btc;14.7-million;blackrock;ibit;consolidation;fund-closure;markets;united-states","globenewswire.com;cointelegraph.com;cryptotimes.io;bitbo.io",stories/2026-08-04/hashdex-closes-bitcoin-etf.html,published
2026-08-04,bitcoin-beacon-newspaper-2026-08-04.html,2026-08-04-strategy-third-bitcoin-sale-2026,Strategy Sells Bitcoin for the Third Time This Year,money-macro,"Tysons Corner, USA","strategy;microstrategy;saylor;8-k;1638-btc;104.7-million;digital-credit-capital-framework;strc-preferred;dividends;842138-btc;treasury-company;leverage;united-states","news.bitcoin.com;bitcoinnewsdigest.substack.com;stocktitan.net",stories/2026-08-04/strategy-third-bitcoin-sale-2026.html,published
2026-08-04,bitcoin-beacon-newspaper-2026-08-04.html,2026-08-04-bitcoin-onramp-guardrails-take,Bitcoin's Newcomers Keep Getting Robbed at the Door,opinion,Global,"on-ramp;consumer-protection;self-custody;not-your-keys;minnesota-kiosks;coldcard-hack;ftx;celsius;guardrails;newcomers;emerging-markets;steelman;take;global","mprnews.org;news.bitcoin.com;thebitcoinbeacon.com",stories/2026-08-04/bitcoin-onramp-guardrails-take.html,published
2026-08-05,bitcoin-beacon-newspaper-2026-08-05.html,2026-08-05-guatemala-bitcoin-lake-panajachel,A Guatemalan Lake Town Runs on Bitcoin,on-the-ground,"Panajachel, Guatemala",bitcoin-lake;lago-bitcoin;lake-atitlan;panajachel;circular-economy;lightning;blink;used-cooking-oil;kaboom;my-first-bitcoin;unbanked;merchants;guatemala;central-america;latam,bitcoinmagazine.com;cryptopotato.com;bitcoinbeach.com;bitcoinnews.com,stories/2026-08-05/guatemala-bitcoin-lake-panajachel.html,published
2026-08-05,bitcoin-beacon-newspaper-2026-08-05.html,2026-08-05-tom-lee-quantum-bitcoin-2028,Tom Lee Says Quantum Could Break Bitcoin by 2028,network-mining,"New York, USA",quantum;tom-lee;fundstrat;q-day;2028;ecdsa;shors-algorithm;post-quantum;google-quantum-ai;ibm;arvind-krishna;exposed-keys;437-billion;galaxy;bitgo;cnbc;united-states;global,coindesk.com;beincrypto.com;bitcoinfoundation.org;x.com,stories/2026-08-05/tom-lee-quantum-bitcoin-2028.html,published
2026-08-05,bitcoin-beacon-newspaper-2026-08-05.html,2026-08-05-us-treasury-bitcoin-policy-chief-resigns,Treasury's Bitcoin-Policy Chief Resigns as CLARITY Stalls,policy-nation-states,"Washington, USA",tyler-williams;scott-bessent;treasury;strategic-bitcoin-reserve;clarity-act;arma;bitcoin-act;328000-btc;seizures;silk-road;bitfinex;q4-2026;resignation;united-states,cointelegraph.com;cryptotimes.io;cryptoslate.com;thestreet.com;coincodex.com,stories/2026-08-05/us-treasury-bitcoin-policy-chief-resigns.html,published
2026-08-05,bitcoin-beacon-newspaper-2026-08-05.html,2026-08-05-bitdeer-liquidates-bitcoin-treasury,Bitdeer Sold Every Bitcoin It Held,markets,Singapore,bitdeer;btdr;treasury-liquidation;1132-btc;zero-holdings;sealminer;63-eh;marathon;ai-pivot;mining-margins;american-bitcoin;forced-sellers;singapore;asia;global,theblock.co;cointelegraph.com;bitcoinmagazine.com;ccn.com;tftc.io,stories/2026-08-05/bitdeer-liquidates-bitcoin-treasury.html,published
2026-08-05,bitcoin-beacon-newspaper-2026-08-05.html,2026-08-05-saudi-arabia-youth-bitcoin-gulf,Young Saudis Are Buying Bitcoin Faster Than the Rest of the Gulf,money-macro,"Riyadh, Saudi Arabia",saudi-arabia;chainalysis;153-percent;47-billion;youth-adoption;vision-2030;sama;gulf;gcc;discretionary-demand;mena;middle-east,chainalysis.com;cryptopolitan.com;bingx.com;disruptionbanking.com,stories/2026-08-05/saudi-arabia-youth-bitcoin-gulf.html,published
2026-08-05,bitcoin-beacon-newspaper-2026-08-05.html,2026-08-05-bitcoin-annual-obituary-quantum-take,Bitcoin's Obituary Is Due Again. This Time It's Quantum.,opinion,Global,fud-cycle;bitcoin-obituary;mt-gox;china-ban;etf;quantum;post-quantum;segwit;taproot;galaxy;exposed-keys;steelman;take;global,coindesk.com;beincrypto.com;thebitcoinbeacon.com,stories/2026-08-05/bitcoin-annual-obituary-quantum-take.html,published
2026-08-06,bitcoin-beacon-newspaper-2026-08-06.html,2026-08-06-africa-ark-settlement-mobile-money,Kenya and South Sudan Now Send Bitcoin Between Them for Free,on-the-ground,"Nairobi, Kenya",ark;bark;second;tando;mavapay;junubbtc;m-pesa;mtn-momo;mobile-money;lightning;self-custody;zero-routing-fees;cashu;vtxo;south-sudan;juba;nairobi;naira;cedi;rand;shilling;bitcoin-plus-plus;kenya;nigeria;ghana;south-africa;africa,insider.btcpp.dev;bitcoinnews.africa;cryptonomist.ch;chainalysis.com,stories/2026-08-06/africa-ark-settlement-mobile-money.html,published
2026-08-06,bitcoin-beacon-newspaper-2026-08-06.html,2026-08-06-coldcard-theft-recovery-galaxy-tracing,Investigators Race to Trace $116 Million in Stolen Bitcoin,network-mining,"Toronto, Canada",coldcard;coinkite;firmware-bug;theft;116-million;1800-btc;5200-addresses;galaxy;tracing;law-enforcement;self-custody;hardware-wallet;multiple-attackers;no-compensation;recovery;toronto;canada;global,forbes.com;coindesk.com;cryptotimes.io;thestreet.com;thebitcoinbeacon.com,stories/2026-08-06/coldcard-theft-recovery-galaxy-tracing.html,published
2026-08-06,bitcoin-beacon-newspaper-2026-08-06.html,2026-08-06-vietnam-crypto-market-pilot-september,Vietnam Will Open Licensed Bitcoin Exchanges September 9,policy-nation-states,"Hanoi, Vietnam",vietnam;crypto-asset-market;pilot;september-9;ho-duc-phoc;resolution;five-exchanges;dong;vnd;10-trillion-dong;380-million;capital-requirement;ssi;vix;mbbank;techcombank;vpbank;18-million-users;ministry-of-finance;onshore;southeast-asia;asia,vneconomy.vn;beincrypto.com;coinmarketcap.com;vietnamnews.vn,stories/2026-08-06/vietnam-crypto-market-pilot-september.html,published
2026-08-06,bitcoin-beacon-newspaper-2026-08-06.html,2026-08-06-el-salvador-imf-bitcoin-accounting,El Salvador's Bitcoin Pile Keeps Growing. The IMF Says It Isn't Buying.,money-macro,"San Salvador, El Salvador",el-salvador;bukele;strategic-bitcoin-reserve;7700-btc;imf;extended-fund-facility;1.4-billion;zero-ceiling;wallet-consolidation;bandesal;julie-kozack;accounting-dispute;daily-buys;legal-tender-amended;460-million;central-america;latam,news.bitcoin.com;cryptoslate.com;intellinews.com;cfr.org,stories/2026-08-06/el-salvador-imf-bitcoin-accounting.html,published
2026-08-06,bitcoin-beacon-newspaper-2026-08-06.html,2026-08-06-bitcoin-rails-africa-asia-take,Africa Builds Its Own Bitcoin Rails. Asia Licenses Them.,opinion,Global,sovereignty;self-custody;permissionless;open-source;ark;africa;vietnam;licensing;permissioned-vs-permissionless;coldcard;consumer-protection;revocable;rails;steelman;take;global,thebitcoinbeacon.com;insider.btcpp.dev;vneconomy.vn,stories/2026-08-06/bitcoin-rails-africa-asia-take.html,published
